[
  {
    "id" : "openhie.fhir.botswana-training",
    "type" : "ImplementationGuide",
    "url" : "http://openhie.org/fhir/botswana-training/ImplementationGuide/openhie.fhir.botswana-training",
    "version" : "1.0.0",
    "name" : "BotswanaTrainingIG"
  },
  {
    "id" : "generated-omang-id",
    "type" : "StructureDefinition",
    "url" : "http://openhie.org/fhir/botswana-training/StructureDefinition/generated-omang-id",
    "version" : "1.0.0",
    "name" : "AutoGeneratedOmangID"
  },
  {
    "id" : "hiv-patient",
    "type" : "StructureDefinition",
    "url" : "http://openhie.org/fhir/botswana-training/StructureDefinition/hiv-patient",
    "version" : "1.0.0",
    "name" : "HIVPatient"
  },
  {
    "id" : "omang-id",
    "type" : "StructureDefinition",
    "url" : "http://openhie.org/fhir/botswana-training/StructureDefinition/omang-id",
    "version" : "1.0.0",
    "name" : "OmangIDParent"
  },
  {
    "id" : "parent",
    "type" : "StructureDefinition",
    "url" : "http://openhie.org/fhir/botswana-training/StructureDefinition/parent",
    "version" : "1.0.0",
    "name" : "IDParent"
  },
  {
    "id" : "standard-omang-id",
    "type" : "StructureDefinition",
    "url" : "http://openhie.org/fhir/botswana-training/StructureDefinition/standard-omang-id",
    "version" : "1.0.0",
    "name" : "StandardOmangID"
  },
  {
    "id" : "url",
    "type" : "StructureDefinition",
    "url" : "http://openhie.org/fhir/botswana-training/StructureDefinition/url",
    "version" : "1.0.0",
    "name" : "IDURL"
  },
  {
    "id" : "value",
    "type" : "StructureDefinition",
    "url" : "http://openhie.org/fhir/botswana-training/StructureDefinition/value",
    "version" : "1.0.0",
    "name" : "IDValue"
  }
]
