{
  "resourceType" : "StructureDefinition",
  "id" : "generated-omang-id",
  "text" : {
    "status" : "extensions",
    "div" : "<div xmlns=\"http://www.w3.org/1999/xhtml\">Placeholder</div>"
  },
  "extension" : [{
    "url" : "http://hl7.org/fhir/StructureDefinition/structuredefinition-type-characteristics",
    "valueCode" : "can-bind"
  }],
  "url" : "http://openhie.org/fhir/botswana-training/StructureDefinition/generated-omang-id",
  "version" : "1.0.0",
  "name" : "AutoGeneratedOmangID",
  "title" : "Auto Generated Omang ID",
  "status" : "active",
  "date" : "2023-09-25T19:04:39+00:00",
  "publisher" : "My Organization",
  "contact" : [{
    "name" : "My Organization",
    "telecom" : [{
      "system" : "url",
      "value" : "http://example.com/committees"
    },
    {
      "system" : "email",
      "value" : "my-group@example.com"
    }]
  },
  {
    "name" : "Bob Smith",
    "telecom" : [{
      "system" : "email",
      "value" : "bobsmith@example.com",
      "use" : "work"
    }]
  }],
  "description" : "Auto Generated Omang ID",
  "jurisdiction" : [{
    "coding" : [{
      "system" : "http://unstats.un.org/unsd/methods/m49/m49.htm",
      "code" : "001",
      "display" : "World"
    }]
  }],
  "fhirVersion" : "5.0.0",
  "mapping" : [{
    "identity" : "rim",
    "uri" : "http://hl7.org/v3",
    "name" : "RIM Mapping"
  }],
  "kind" : "complex-type",
  "abstract" : false,
  "context" : [{
    "type" : "element",
    "expression" : "Patient.identifier.extension"
  }],
  "type" : "Extension",
  "baseDefinition" : "http://hl7.org/fhir/StructureDefinition/Extension",
  "derivation" : "constraint",
  "snapshot" : {
    "element" : [{
      "id" : "Extension",
      "path" : "Extension",
      "short" : "Auto Generated Omang ID",
      "definition" : "Auto Generated Omang ID",
      "min" : 0,
      "max" : "*",
      "base" : {
        "path" : "Extension",
        "min" : 0,
        "max" : "*"
      },
      "constraint" : [{
        "key" : "ele-1",
        "severity" : "error",
        "human" : "All FHIR elements must have a @value or children",
        "expression" : "hasValue() or (children().count() > id.count())",
        "source" : "http://hl7.org/fhir/StructureDefinition/Element"
      },
      {
        "key" : "ext-1",
        "severity" : "error",
        "human" : "Must have either extensions or value[x], not both",
        "expression" : "extension.exists() != value.exists()",
        "source" : "http://hl7.org/fhir/StructureDefinition/Extension"
      }],
      "isModifier" : false
    },
    {
      "id" : "Extension.id",
      "path" : "Extension.id",
      "representation" : ["xmlAttr"],
      "short" : "Unique id for inter-element referencing",
      "definition" : "Unique id for the element within a resource (for internal references). This may be any string value that does not contain spaces.",
      "min" : 0,
      "max" : "1",
      "base" : {
        "path" : "Element.id",
        "min" : 0,
        "max" : "1"
      },
      "type" : [{
        "extension" : [{
          "url" : "http://hl7.org/fhir/StructureDefinition/structuredefinition-fhir-type",
          "valueUrl" : "id"
        }],
        "code" : "http://hl7.org/fhirpath/System.String"
      }],
      "condition" : ["ele-1"],
      "isModifier" : false,
      "isSummary" : false,
      "mapping" : [{
        "identity" : "rim",
        "map" : "n/a"
      }]
    },
    {
      "id" : "Extension.extension",
      "path" : "Extension.extension",
      "slicing" : {
        "discriminator" : [{
          "type" : "value",
          "path" : "url"
        }],
        "description" : "Extensions are always sliced by (at least) url",
        "rules" : "open"
      },
      "short" : "Extension",
      "definition" : "An Extension",
      "min" : 0,
      "max" : "0",
      "base" : {
        "path" : "Element.extension",
        "min" : 0,
        "max" : "*"
      },
      "type" : [{
        "code" : "Extension"
      }],
      "constraint" : [{
        "key" : "ele-1",
        "severity" : "error",
        "human" : "All FHIR elements must have a @value or children",
        "expression" : "hasValue() or (children().count() > id.count())",
        "source" : "http://hl7.org/fhir/StructureDefinition/Element"
      },
      {
        "key" : "ext-1",
        "severity" : "error",
        "human" : "Must have either extensions or value[x], not both",
        "expression" : "extension.exists() != value.exists()",
        "source" : "http://hl7.org/fhir/StructureDefinition/Extension"
      }],
      "isModifier" : false,
      "isSummary" : false
    },
    {
      "id" : "Extension.url",
      "path" : "Extension.url",
      "representation" : ["xmlAttr"],
      "short" : "identifies the meaning of the extension",
      "definition" : "Source of the definition for the extension code - a logical name or a URL.",
      "comment" : "The definition may point directly to a computable or human-readable definition of the extensibility codes, or it may be a logical URI as declared in some other specification. The definition SHALL be a URI for the Structure Definition defining the extension.",
      "min" : 1,
      "max" : "1",
      "base" : {
        "path" : "Extension.url",
        "min" : 1,
        "max" : "1"
      },
      "type" : [{
        "extension" : [{
          "url" : "http://hl7.org/fhir/StructureDefinition/structuredefinition-fhir-type",
          "valueUrl" : "uri"
        }],
        "code" : "http://hl7.org/fhirpath/System.String"
      }],
      "fixedUri" : "http://openhie.org/fhir/botswana-training/StructureDefinition/generated-omang-id",
      "isModifier" : false,
      "isSummary" : false,
      "mapping" : [{
        "identity" : "rim",
        "map" : "N/A"
      }]
    },
    {
      "id" : "Extension.value[x]",
      "path" : "Extension.value[x]",
      "short" : "Value of extension",
      "definition" : "Value of extension - must be one of a constrained set of the data types (see [Extensibility](http://hl7.org/fhir/R5/extensibility.html) for a list).",
      "min" : 0,
      "max" : "1",
      "base" : {
        "path" : "Extension.value[x]",
        "min" : 0,
        "max" : "1"
      },
      "type" : [{
        "code" : "string"
      }],
      "condition" : ["ext-1"],
      "constraint" : [{
        "key" : "ele-1",
        "severity" : "error",
        "human" : "All FHIR elements must have a @value or children",
        "expression" : "hasValue() or (children().count() > id.count())",
        "source" : "http://hl7.org/fhir/StructureDefinition/Element"
      }],
      "isModifier" : false,
      "isSummary" : false,
      "mapping" : [{
        "identity" : "rim",
        "map" : "N/A"
      }]
    }]
  },
  "differential" : {
    "element" : [{
      "id" : "Extension",
      "path" : "Extension",
      "short" : "Auto Generated Omang ID",
      "definition" : "Auto Generated Omang ID"
    },
    {
      "id" : "Extension.extension",
      "path" : "Extension.extension",
      "max" : "0"
    },
    {
      "id" : "Extension.url",
      "path" : "Extension.url",
      "fixedUri" : "http://openhie.org/fhir/botswana-training/StructureDefinition/generated-omang-id"
    },
    {
      "id" : "Extension.value[x]",
      "path" : "Extension.value[x]",
      "type" : [{
        "code" : "string"
      }]
    }]
  }
}